{
    "initial_capital": 10000,
    "final_equity": 53367003.516550094,
    "net_profit": 53357003.516550764,
    "roi_pct": 533570.035165501,
    "cagr_pct": 136.2217339401881,
    "win_rate": 90.34181240063593,
    "reward_risk_ratio": 1.7140927100559953,
    "max_drawdown_pct": -2.7666176364770223,
    "sharpe_ratio": 48.1236436423291,
    "sortino_ratio": 10,
    "total_trades": 2516,
    "evaluated_at": "2026-01-02 06:27:49.298110"
}